27,0xb9354777fd3019df43fa36a85e76ee3fe2f8bc35,jon
60,0x17a059b6b0c8af433032d554b0392995155452e6,brenner.eth
66,0x794cec5ee2659859050d29d858cf46191649e1fa,tayyab
88,0xfb843f8c4992efdb6b42349c35f025ca55742d33,worm.eth
99,0x849151d7d0bf1f34b70d5cad5149d28cc2308bf1,jessepollak
114,0x70ece45cdc64a768f936ccb8ac851578251363e3,jihad
119,0x738f268aa2d339787ccc403d2b8ce3ae3bcad09e,amitt
129,0x925afeb19355e289ed1346ede709633ca8788b25,phil
133,0x4303ddc9943d862f2b205af468a4a786c5137e76,nir
165,0x471e9b5f89f827045e6d9ec2083a310c27459157,ludo
206,0x5b93ff82faaf241c15997ea3975419dddd8362c5,coopahtroopa.eth
225,0xd1fd469842607d784da436ed110d383f4727e462,goose
234,0x61c4ec1fafd7147c526a5e20ff2f3219d5aeb0a8,c
239,0x0aa34eb615ab330b64060ff9fa994e72a7a95b59,ted
280,0x8b0573d1c80362db589eda39c2e30f5190d7eb51,vrypan.eth
283,0x108887066628c7be8016deb372a79582dd1e21cd,hyper
285,0x995b0568919fecd6147695efff024b5b0bf528c0,uno
299,0xfdd81d13ab6bcd9c8e5c73fe2bcf1392865f2cb0,stout
303,0x0ed1f91769d6add12f3aca1229f96eea198ac0ed,kyle
303,0xb3cf50e0a578a6a64aff18d9b0e8459aab238bcb,kyle
306,0x5561974f0d35d8c355241a5568894df7b691bb28,ravi
315,0x74b78e98093f5b522a7ebdac3b994641ca7c2b20,jomessin
323,0x6ca011aae6d551a3efa533c40c24a810321c0384,adeets-22
331,0xafbc3f98eedb5f9a25a4ab2232d1346612efe77c,timshel.eth
347,0x179a862703a4adfb29896552df9e307980d19285,greg
358,0x869ec00fa1dc112917c781942cc01c68521c415e,corbin.eth
369,0x70d04384b5c3a466ec4d8cfb8213efc31c6a9d15,robin
373,0x9eab9d856a3a667dc4cd10001d59c679c64756e7,jayme
378,0x8f1e16be9b6f88acf2cd58da84a335463350b9fb,colin
412,0xa53417f20bb7148a50849770471de251417c3f12,joeblau
426,0xa35156ca4294c13fe256b10091f3d6595e3bf7d7,brianjckim
429,0x17accf90ba294df3bc2f12818d18a48c756a90d5,czar
429,0x1bccc3dc32d6977ca14beff7a2130f578620cdb3,czar
431,0xdfe8beee223412f316baf2968b17527d6eba29f1,j4ck.eth
451,0x8a95d5f9ac0eebd5880199ea8fcd0fae845bbbf2,pfista
457,0x5a492d1e15f2ae4b418e424ba9a1d112d6e9706a,zachterrell
463,0x5092678d89ed88a75f8ba906e1763d357d177531,dankenney.eth
472,0x3b60e31cfc48a9074cd5bebb26c9eaa77650a43f,ccarella.eth
473,0x538527f3602acad78596f17b422fcf5613af1409,matthew
518,0xbdfeb5439f5daecb78a17ff846645a8bdbbf5725,datadanne.eth
528,0x333d0ebc54707c0a9d92cac749b3094c28a0e111,0xen
533,0x11c47bb644cbaa54c7bc651d46b9b399da832171,shoni.eth
548,0x141edb16c70307cf2f0f04af2dda75423a0e1bea,br1an.eth
550,0x8358e0f54179ec00736411244489c60c0c14436b,former-elonmusk
557,0x96a77560146501eaeb5e6d5b7d8dd1ed23defa23,pugson
576,0xb6f6dce6000ca88cc936b450cedb16a5c15f157f,nonlinear.eth
589,0xc10124f122a1f7a9835ec853fc11c78e1a478b47,dinislam.eth
617,0x19ce57b670121e73e43be6c2fea5c254bb4c8760,cameron
618,0x3d27340eded7bb9c705b694288bba78927f04a89,demploy
639,0xc912e55e813753f91f96054eacf4e342a6061f1a,sathaxe
646,0x4ff3d7ae3d85b17e87f9caabb1c0d3ea9c9429e3,0xshash
675,0xee5a3e1c0049089683f6183cb5a4928085b330c0,hlau
680,0xf417ace7b13c0ef4fcb5548390a450a4b75d3eb3,woj.eth
716,0x0df5ba52e8c055950aaaf5fcfe829020e898ee60,ayushm.eth
732,0x38e27a59d3cffb945ac8d41b7c398618354c08f6,henry
746,0x40ff52e1848660327f16ed96a307259ec1d757eb,codyb.eth
761,0x3994537274f3ff3eefc413e0d669b05d6446d46b,timcox
771,0x78a42a84bfe3e173c3a9246b3f5f1c5aa8bbae72,jpren.eth
788,0x317bc38b66566566529c41462ba774f489b4a63f,emre
800,0x70a5d38b135482c89cf540bc27cf5c282c73c35c,nicole
804,0x0161d1cc10116bb2a073a0c293d5e4f1a97a00b6,lazzarenne
849,0xe2f2abb2199a93ab3ffa034567ca43eae6d4f111,montana
855,0xde61396aa17b1269e3d85f6c7c4d22694eb9c6ee,don
871,0xc69ccadc19e9a9aec6f1f74f796f57ae34574a63,kalelabs.eth
913,0xb0623c91c65621df716ab8afe5f66656b21a9108,john
926,0x012db66110d211e5aa15171b15265384f22fd1de,vlgtrade
933,0xeadab57249e833bfbf1100a0cbff887db8b88cda,carlosace
946,0x3bd4c721c1b547ea42f728b5a19eb6233803963e,winnie
976,0x64ff33b653b26edcb4644e27d3720f3c653f8371,ba
1048,0x3e6c23cdaa52b1b6621dbb30c367d16ace21f760,macbudkowski
1136,0xa251520154ca342f0b1d702bf5a56f78c982405b,joshcrnls
1137,0x21c6553a199a9c794aa77ae8a8d80751dfcdc0d1,ivy
1145,0x466fa491b4b62b70e4840a3e7501cae3ae1cfa6d,dak
1208,0x27e32ef9576dc05f4d08d978106fc16351d4cb0c,hc188
1214,0xdaa83039aca9a33b2e54bb2acc9f9c3a99357618,df
1236,0xc3048079040c993818021e955b62102094cd4d03,syed
1255,0x841ad0abab2d33520ca236a2f5d8b038addc12ba,cardenas
1287,0xdd3bf199e65bba74144a9a1c0dfaeda32b911121,july
1298,0x100f41e69f90119bb141fa7859839537374e4f28,jacky
1303,0x5adf1c982bde935ce98a07e115ff8d09254ecb1b,rgboop.eth
1317,0xabb485fdc925dc375b5d095a30fcae7f136fd007,0xdesigner
1333,0x482c96b007ea453cb55a3dc11ceb8830e18f0639,0xmanu
1338,0x88f667664e61221160ddc0414868ef2f40e83324,bli
1350,0xbc7b5142e390bbaabf8826dae7e1ef9c609df327,pratzyy.eth
1401,0x09e6d38949644291179cfea3ea263dc1f6a7c35e,jpetrich
1407,0xafca747b067c40ae0dda3f170ae971a2cbf4d05c,zinger
1425,0xeba814370974756ab572d9e804187fd72a2ab58a,abhishekkumar
1430,0xf4844a06d4f995c4c03195afcb5aa59dcbb5b4fc,wijuwiju.eth
1471,0x8cd48c84ffc642653f34df82dd7ac9541a4dead9,stoic
1472,0xf73fe15cfb88ea3c7f301f16ade3c02564aca407,shahruz
1523,0x7a7fe5da0fd6a3962c8c5b40bb62084172f0e448,xcopy
1556,0x7f64c6e6908de72221a06a06b4a02a6546a4d6d2,supriyo.eth
1584,0x2da2b7a81f6105a7e82816f1eb058fb5225e6e51,antavedissian
1629,0xec4061eff0032aecc4b3d1187166bd3ae06bf056,jacks0n
1668,0x98397a068d413d3c92a506f98c5f25d33a9dac14,tomu.eth
1689,0x8d25687829d6b85d9e0020b8c89e3ca24de20a89,stephancill
1706,0x3eaef0fcf432cffd12c5b8e2c328d2856fa49ef9,ethandaya
1733,0x26bbec292e5080ecfd36f38ff1619ff35826b113,nezzar.eth
1735,0x1f77d34deff2b72b0a0258603effe72704742ebb,asylum
1886,0xd1eaefbeffd4106a1a166cd26a1fe23140d6a42e,billzh
1911,0x06003fc33b2c4ab42971003d84b4a9fe72ca51ca,cld
1918,0xd240a74c8766cbe9fc0ba2b242c089aae164d5df,zoz.eth
1970,0x3dedb545e9b89f63fa71ab75497735d802c9d26f,grin
2007,0xf32dd1bd55bd14d929218499a2e7d106f72f79c7,jacopo.eth
2042,0xd3d70afe29beced2eb2ac1e407a2007150e2312e,aaina
2091,0xbaa7ad8c875d67e93261bea6f7bd3a2fd2b1c864,melissa
2099,0xd8ddbfd00b958e94a024fb8c116ae89c70c60257,yuga
2139,0x0cb27e883e207905ad2a94f9b6ef0c7a99223c37,seanwbren
2163,0x952580d41f10db41d97fcd6b1984bc2538eefc2c,cryptogirls
2170,0xa8c7372dc993d7510c9c45425807d463967cbb12,boris
2171,0x3880a39fdde6bc3b68d6d5dce7684e1c91765e6b,01
2210,0x0e467a0288a439ba2678eb7d3b0b64b01e2bbbfc,kenny
2211,0x0de290f9717764641b9694c246338a477cff9543,commstark
2240,0x51545dee0671b910b8f12de6760a83f781922030,metamonk
2242,0x51f3b880207db19635702e2bf9660dc4b659bb41,carter
2247,0x7fe8e1fc90f6a49e0528574feeeeeeed5ccb3168,papeclaus
2251,0x7853eabb6cfa980ebfd27e3f77e69590ea53c0b7,coffee
2252,0x09765e9d82b019eb0bfe91cbe2e472aab9a142a8,sui
2282,0x36de990133d36d7e3df9a820aa3ede5a2320de71,gokhan.eth
2364,0xaa0dd4544fb4ac8c706011bfa8f16638fb6409f3,mane
2417,0x4c4ae926a706349fd16700b4f368a4a0cd4a67e4,robrecht
2420,0x089fce8be711cabc806d69b1d0d5aebd52a06455,4484
2441,0xea310c966d3ff5e09c65487f1763b21361eb71ef,grunt.eth
2461,0x135c21b2da426760718e39da954974c4572ae9f6,lwsnbaker
2466,0xbb1edb8c64d7baa322fadfd13d4a5db96d02a2e1,tylerscharf
2526,0xcd7f1f5470d11ea032422cda6fff014694185b95,pratik
2600,0x76963ee4c482fa4f9e125ea3c9cc2ea81fe8e8c6,depatchedmode
2615,0x55b9cded57ce91e56970dba48d367fc17fa528ec,hypercatcher
2626,0x784fa0c3c12aee8f571ef3c91408cb2219b431dc,salief
2723,0x1d9f07591692539db15be88a9fa72de7134d445b,michael
2727,0xe259ef58ea7d8b9cdb31582cae9903404b7218aa,shlok.eth
2728,0x429f42fb5247e3a34d88d978b7491d4b2bee6105,iammatthias
2736,0x7e07064e5a921a57eb29c22f179b20513e8a3485,annoushka.eth
2745,0x34db35639eafe2712ae1f69dfa298b06a5c25053,sdv.eth
2754,0x435d821ee5b346850545cb18443ca9808a9d47d0,nicabar
2755,0xd7b7a3ab29b3282dc76419bd57776e0e90de8a41,bichonxattack
2759,0xdfa413375306e2169adcbbe8551f69739328e6dd,cynthia
2777,0x472723a705b7fdf72c92b97696f26df545ec11f1,alex
2802,0x45db9d3457c2cb05c4bfc7334a33cee6e19d508f,garrett
2827,0xa2c0f6c8330b849be3697607e6f8f23155f69fc0,crickhitchens
2834,0xa2bbf371015ff4f6d8fd2671126ca8f630a0eabc,austinmccollom
2904,0x30eece78d9ca0f0b9fa8db33bc0f6934ac34ef82,wake
2904,0x45698cdcc733cba4f8b1150c2f580587adf1df92,wake
2904,0xcfdb2bb393b0d6523359a808cd66723efca52e6a,wake
2915,0x0040daac32d83c78546ae36da42a496b28ab09e1,gaurang.eth
2923,0x44f9009b7810f15f1fcb22c7f4a5cd18aa9a6faa,777
3010,0x6cee7b340764c49a827c60d2b8729e49405fbefd,erin
3036,0x6fafd991989f2256a4b0932bb9f683173dca451b,dwayne
3046,0x4a7b17fbec1ecc14a00b351f9fb40b0c957e776b,cyrus
3059,0x2632f1d2bc03f31d869b868b875a091f35247efb,dujo
3096,0x0f9fa23209cb434b213fefd1c72a58408e216580,fern
3103,0xe603dc0111ff9f69e3f7904a82112f9cbde8a947,infinitehomie
3147,0xf220f05b4830095be149085041735f197ee3d5aa,yashluna.eth
3174,0x38488dca8dccfeebfd3cc298436134e3b3af6b8b,shl0ms
3194,0xa2ecada0b45ad16625865843c9fc5e7c985a2e42,dh
3206,0x28a69640810fcdcf6adb7119edd64eed4612fa49,yb
3220,0x1007a39088c22a4dfe54032f08fc47a7303603df,murf
3254,0xc94dd5caa29fb3681f08594668db10bdb1ebf316,ryanbeltran
3263,0x47bbf62c4326eff3353022e7dd1d9caa5bc97841,benterry
3306,0x3c9d92a145b17b7df69d22eff292499b2849ee83,mantej.eth
3312,0xe59c9ca7ffa00471aa2ada42c0a65c6caabd06b8,baatin.eth
3414,0xba625bb4b560c8ed72a2b085b3fcf7b008cffeb0,drewbeechler
3484,0x8a333a18b924554d6e83ef9e9944de6260f61d3b,st3ve
3498,0x0c90d90f0d38c21ecb15d5bd32b030977eeb2e31,512mace
3520,0xa582360da4ae1fbb912c975fcce1a0c0e2af91e8,artiom
3559,0x8f728ada4f2c7ecf961bc876830a3323b3bd789d,joshbreite.eth
3564,0x798e39a31d8a49729c0057b4059a4dc19e00c431,yashatreya
3584,0x14b85b1c40056312fde55e1fa1827a92f12b966a,deniz
3600,0x2300c67365e8d0db283cd3772237183beabf41bc,dongambas.eth
3615,0x0cf30daf2fb962ed1d5d19c97f5f6651f3b691c1,fishbiscuit
3635,0xfecbbfec931a06c0cf7b008cf3c013457f610a22,androidsixteen.eth
3636,0x83420c847d19423bc96a2df0f9813214a56c6000,bf
3792,0x0fd6054d71277817896e56c7209b6ad1c40922d5,catherine
3882,0x978f664433abf02b7460f5ed138f8eb46dac2547,hollins
4013,0x2059a96525c364560a806ca035a40c9f379ebca9,luc
4042,0x7630ed0ef5e6349ce9cd40ef4b0b09a7c7a8a0db,maxo
4044,0x049569adb8a1e8a9349e9f1111c7b7993a4612eb,alec.eth
4163,0x8b80755c441d355405ca7571443bb9247b77ec16,kmacb.eth
4167,0xceed9585854f12f81a0103861b83b995a64ad915,nounishprof
4182,0x66782e5a061b5a63536f912380a6dcf9481900c7,michaelcjoseph
4208,0xc47000de7fb7be6a24027563d3aae32e6466423f,nonefungible
4215,0x32a6f3de4d2610ec943b6c20ac3341b30dc18d23,sa
4253,0x4888c0030b743c17c89a8af875155cf75dcfd1e1,we
4271,0xb15ad5028555448829043feb94048ac5a0b77969,leospeaks.eth
4282,0xa5d224b43eab837aa2ee9c6ed727f1613f301a5e,matthewfox
4285,0x827d2f5ecd0b2674e80d8aa4786fa3600af60b74,alexanderguy.eth
4294,0x12239fcdff8cd48c24661d3c4243ce33ceb2e273,tricil.eth
4327,0xe943ca883ef3294e0fc55a1a14591abead1b5927,cojo.eth
4339,0x4a29c8ff7d6669618580a68dc691565b07b19e25,meb
4351,0x505e20c0fb8252ca7ac21d54d5432eccd4f2d076,vadim
4357,0x7e5ce10826ee167de897d262fcc9976f609ecd2b,evg
4368,0x8143aad694567424162a949c1580c91d03437858,amado
4370,0x977f3a4d006570943eea8c3ae23ea85982dfd95c,vova
4461,0x1358155a15930f89ebc787a34eb4ccfd9720bc62,limone.eth
4522,0x30c8c2bfbf12405f75d7643f3d658d33940fdca7,kagami
4564,0x69689f02c4154b049fb42761ef8fa00808f1b7ea,kevinoconnell
4612,0x8cd562f0f77ee136561d75b105b84494378a72b6,swabbie.eth
4642,0x648abda15186b1e4587722009497c8e3c9242c6b,raquo.eth
4715,0xb0ccf43ada6cbaa26dcf4907117b496d49f74242,lo
4723,0x148c3a0490cf722262aa4c786a3816801e3fa632,aphex
4753,0x463757f957f3bc482cd7af877565f90333c4b524,saxenasaheb.eth
4816,0xdecd4b961b1984c44afbadbe2844777a627572aa,cartographer
4888,0x51603c7059f369ab04b16addfb7bb6c4e34b8523,realitycrafter.eth
4895,0x334d080349da9cfa602442968483b761defa5bf7,matthewb
4904,0x33fc2be5563e3c02a3e127f01bbd71db472aa613,mc
4905,0x6da0a1784de1abdde1734ba37eca3d560bf044c0,mxjxn.eth
4914,0x5041fc8ff3ecffcc0644220401090e921e272b77,kunalvg
4923,0xfa922ce609fed47950e3f48662c9651d42ada194,antimofm.eth
4945,0x5877af7fc64e26c695806e2fd7e083c8511e61f1,backspace
4995,0xf9a3bb070c1f9b3186a547ded991bed04a289c5b,polmaire.eth
5016,0x892ff98a46e5bd141e2d12618f4b2fe6284debac,stas
5037,0xbc5b552641e5d203f0a6c230aa9dc14da7450053,earth2travis
5094,0x3ab8c2c27a9c1a0b396758a77719e361b87240d6,dyula
5106,0x18c8df1fb7fb44549f90d1c2bb1dc8b690cd0559,iain
5126,0x88adfc5eba1195d163e8d5c90fddee4b0d436af4,jklb.eth
5173,0xa075ec31f2bfd7977ba3fb9c61c814ce466e8f9a,hodges.eth
5229,0x0ee4e42b1096530f80a589cb13461930704517d0,cafeconcriptos
5253,0xdd1256d5c133f21be2a7c981fc83c8cb0f66e286,drinkbeerkillwar.eth
5254,0x55a5705453ee82c742274154136fce8149597058,papa
5283,0xa7860e99e3ce0752d1ac53b974e309fff80277c6,limes.eth
5309,0xf3b06b503652a5e075d423f97056dfde0c4b066f,ferran
5321,0x5881d9bfff787c8655a9b7f3484ae1a6f7a966e8,nftmatrix
5395,0x788f6b0226553f7331054438e3bda08f989cc007,0xconca.eth
5431,0x3cc1a943b27c2af7c6dcf3be0137f66c2f22e712,esdotge.eth
5440,0x86994d4da5714b152c4ebab0b46b433f23b5fc8f,rsrosabio
5449,0xd652a6591c71236d20c75b68c6244d5602927a8e,jonathancolon
5543,0xeb95ff72eab9e8d8fdb545fe15587accf410b42e,sirsu
5604,0xbedcce028f470d29a3140c4173321286cb88b5e7,n64jerry
5701,0x5c8f77be6639cbd5b669e409c610926cc4e0e6ae,chriscocreated
5708,0xee324c588cef1bf1c1360883e4318834af66366d,timdaub.eth
5713,0x01a29134723ef72a968838cb1df498bc4f910bec,streetphoto
5745,0xf159dc86d3989f76e3ee343bb30e672bc081bb88,coulter
5853,0x651aeef4e7faf5a9b3b1ca888afedab1a7854a72,shibboleth
5860,0xf005bc919b57dc1a95070a614c0d51a2897d11ff,sum
5952,0x5a084aaef5eddd9195f28f6fe056785e01f210eb,incarterseyes.eth
5991,0x4baa28e63eff73f4d3574e0c0361521ab41cb45e,mxvoid
5998,0xab769309ebceeda984e666ab727b36211ba02a8a,12
6023,0xad73eafcac4f4c6755dfc61770875fb8b6bc8a25,stevedylandev.eth
6070,0x89e2569b3283688346aaad29485267783f8d2017,sontungmtp
6083,0x770569f85346b971114e11e4bb5f7ac776673469,nelsonrodmar
6142,0x4ac4ec3fa79585de9487561e1ff9aa76ae1a009b,trav
6227,0x5f57c686bdbc03242c8fa723b80f0a6cdea79546,ekinci.eth
6236,0xda37aa19fdf3209ccccc3133bf6447fd80c909fd,dberg
6351,0x26e3a9c84fdb9b7fe33dfd5e8d273d016e4e4fb6,morereese
6351,0x6fe320e93be0033e7225dcefc2f3521b3559acf2,morereese
6377,0xe630d567129c08dc6e16f9d6d475c184e7893094,yeradaoti.eth
6394,0x1e474b50bdc2b39dccaa2b8ddf37b3f022b128a8,bayardo.eth
6500,0x0fc0f78fc939606db65f5bbf2f3715262c0b2f6e,starl3xx.eth
6538,0x544aed5dbe2834fadaba5c9422d3a0b96b61b358,avengerthor
6571,0xebdb626c95a25f4e304336b1adcad0521a1bdca1,defiprime
6602,0x50d2dec635c48f5e8cede341df87c651c6cd5318,willyampangestu
6622,0x56c09caf7a77d5d254dae3438bb843a1ffd06aa2,fufuprophet.eth
6631,0xeb58973193e82bf1f9d2bd6a93d68b98f9faccd8,joobid.eth
6639,0xf6fe08ea0250ff49b0b479bc0dbac528b30d5fc4,beasley
6780,0x49d905a6030d658dbe9d255f65991ec1c1ab53e1,joekakihara
6791,0xd6451958cfefd7ee2de840ab2ba55039702c8bd1,sonofmosiah.eth
6801,0x81dd955d02d337db81ba6c9c5f6213e647672052,julien51.eth
6806,0x0964256674e42d61f0ff84097e28f65311786ccb,dawufi
6817,0x71f88d670c113e57ed8deda4cc66d6f172119d44,epicsuperstar
6846,0xc8bbceb77bb248d646c6baa081b859fd57a1cbd4,mani
6876,0xfb408fa20c6f6da099a7492107bc3531911896e3,snailprincessch
6878,0xc3902d565bbcb20e6e947b9657df3b0a56875585,meluhian.eth
6879,0x58d8984447086ceba3cbe591fe71970be3402df2,lansky
6892,0xb77729e9c00a508351bd81f01657eb2dbac247ea,aldyargarena
6906,0x354d4d759c49094f60d537bfd7177c05b70c20cc,agrislis.eth
6945,0x9cf7036aef81df2c0e48de0bb2e32270ee3283d5,whatsgood-al
6957,0x16ad81285cc81f046005891f250fc39580397946,lgdoucet.eth
6968,0x7e0512f8089886003798cdeb60c898b145634bd3,leo5
6986,0xa7226e53f3100c093a0a5bcb6e3d0976eb3db1d6,manu
7085,0xf87b531cd7d3f63ef5c21e29d530fb6dd86056fe,jac
7095,0x1c0accc24e1549125b5b3c14d999d3a496afbdb1,haurog.eth
7097,0xb03f5438f9a243de5c3b830b7841ec315034cd5f,m-j-r.eth
7110,0x9620da3d1cece0ac2b43d5012270b4036894de4a,shadow
7123,0x9538fd48f3c658cbd625c6fcb462926ced08e7a5,kuririn
7143,0x44b1b486ce8d9c82f605626347a7b1f74add11de,six
7212,0xdd31db93082a3a71b98d37ba26230f8734bd63c3,bbroad
7242,0x4789f8ed86858dd6879104781293a98569b46b16,gulocrypto
7271,0x64624080cc909d7a3bef25f4e9578663a749cb9b,aldy
7272,0x61e6f8812198e172a6104f8c956e4b58859bfab8,rekt
7275,0xda41f045c2da9da4903d0f5ebc31ff2e67037403,dam
7325,0x1db6ad3344f1ae0a495b28b031b80cddd99f2fd0,labadie.eth
7331,0xda830d2d83a57cea255bcfd0cf89c3e94abde0fd,admin
7383,0xf9e1d1e9f22c96752356adfd377231528c7e851e,hartel
7408,0xb8ac952dcdfd1e77222213ae508ad8864dc391b4,emush
7415,0xe9eba220d1b041f839704ba748a0e1c74f5d9c75,franklynr
7438,0x09de8de37fd4befe77a45eda7e794a2bebbdc1b7,jithinraj.eth
7468,0x1341df844780b66af4ccc98ae0f34be87eabe1d5,bp
7484,0xdafa9e3dae493f0b9d6872eff4fda0f40d1b7488,piercesword
7561,0x59659e3270e7e143f8f1bba1af3d237d8c9f9354,zerocross
7588,0x461bb1c0c23c0ae24805c4097bc5b64593dd2a59,idanlevin
7620,0xa6bcb89f21e0bf71e08ded426c142757791e17cf,cybershakti
7637,0x822ec855cc9f41b592622108e6f3565e976430c6,aaronrferguson.eth
7684,0xe594469fde6ae29943a64f81d95c20f5f8eb2e04,paulofonseca
7690,0xe6c55b0af75151960005eabae3fe19528c1b131b,esusu.eth
7692,0xdc3bb7ebffa056fa67a6d3a5f1bcd96379b8b6d0,pierrepauze
7702,0xc7b724535e86cf8d4d6c327e51c0439e4b5cd85a,ufolud
7727,0x1adc09fa9a173a13dc5b4e0f85d1edf7a8c10f50,freezer
7781,0x8a4a50b13fd2cb36feb96c408cb98b4c9f2b8f25,endeavour
7799,0xe48c889310dccb6ad29816cbe17314edf9da9baf,auser
7877,0x5cfe3a15c0f55b8c087d5063258a49e20784de8e,darak
7941,0xe76183d03fcad988f74a2645c122b06b467f6649,blablainvest
7951,0x1e296073f62ea9b829c0240d823f995cd71804a6,aerique.eth
8004,0x2055149768d71910aa4125ccbb9fdc46edeb2436,ahn.eth
8039,0x425c90b7ca97bec31aa2ae2eb58f683f5d11e03a,siddha
8080,0x9fc3b33884e1d056a8ca979833d686abd267f9f8,0xpetra
8109,0xbef65bf144bdea1667a74f14ad552c751ad4c056,victoctero
8169,0x360cebac3453204d44032d4e4d2c9896de48a85c,nomadyam
8191,0x765a16ca391a6b9249cfa65bf2d14c38722198e3,ssense
8207,0x4501457c36ae0647cd43a1a81ea4e9e69604215f,kohta
8220,0xbfe1a25d8f6424156433bf45d0dc4f5fd435c1e9,pal
8257,0x0ce80f5f413d2994416ebfe448a272af5441931a,blvckishh
8257,0xf8ad3ade2d9f7d2128756b5d7c3defe567de5125,blvckishh
8333,0xb8a1b251ead0aade474036733784f667917b5461,insure
8346,0xffaa9b864f22838a44916949a397b0ad068603b6,michalfiuk
8404,0x1c8dd61a6313283fa78619bef9fd8f286b65a6ab,drakebreeding
8405,0xe0cdfbeaa6964cd87055832cb4ee928450189f31,seanwince
8446,0x58a35cf59d5c630c057af008a78bc67cdc2ec094,macedo
8447,0xfe819920199392cdd911acdaed84b38f30e27562,eriks
8476,0xba9544045a1ce93e0afaff1e547aac7d05627ee8,saintless.eth
8493,0x411c4a52ae409d4118f2d092f107108948b7a86f,zazen
8499,0x9f9ebce72c0715cdbad4d589986eb22f6782a1ce,rover
8594,0x258d4c329b6dab96e9f01b89ab203d5d5108ce2b,ngmi
8641,0x28c173b8f20488eef1b0f48df8453a2f59c38337,0xstvg
8801,0x5f80fa8a11fcab25bc4837f0009737d5e9ca9f3e,0xrob
8911,0xaf6c1f709e11473428eed9082caa76673af9aadb,ellis
8952,0x8b600c7ef1d97225860a7996b63c5b8b116182d5,littlethings
8955,0x1afe8a03214bf47300c2b3b7918ffda98fb359c8,arnoldcns
8971,0x2cb8636240693b445ac98f2091b58a898e35e60b,osprey
8975,0x7251c7c5ce642a9a7c81ff48463948cf13016906,slazenger
8977,0x4ea2b1553faad62d5a2990de019323ccc36fcc8b,growthbeast.eth
9134,0x963441dcf6b2e82198a46c835a0c8f06b4d4e504,promptrotator.eth
9135,0x8379bd16381620914d8fa3d535f6ca9ef23ece53,kugusha.eth
9148,0xe6c97606be089a0455ef944b49588596f62136d3,web3d3v
9183,0xcc19709175f4fb235ee8cba68eb2798d7aee7ee2,md5
9230,0xd37b1ea54a39256bd1e97f65f8e9c996f3c6f430,gamemeister.eth
9341,0xbad7482e87d355d1f6298313bf9b045afb8fffc5,dylo
9391,0x3eefaa9d6e2ab7972c1001d41c82bb4881389257,ispeaknerd.eth
9543,0x466928b1e8c757fa1e94db11209ddcf28f86e37a,praven
9548,0x6f25a0dd4c3bd4ef1a89916b3e0162061249885a,quillingqualia.eth
9610,0x81ba93b26bce8ca5d649b6607df15e6d45462d8f,mooneth
9700,0x82d746d7d53515b22ad058937ee4d139ba09ff07,qsteak.eth
9710,0x4fe4f54474fd3b1196bf865ae59021bf8b6eb1c9,mbar
9766,0xa86cd6bfe453ad3bd3bfbb263d223a1a39eebeab,que
9815,0xda675a9888e16595c66c6c1da684df4e26f8ab69,lanaling.eth
9829,0xbd64d36db5fca8a195d20b1b915c92bcdacb784a,tommyjo.eth
9829,0xf26d75b2fc048f1f6c793ae9f939fa0946a0e104,tommyjo.eth
9833,0xefbc53e0afdc9f649bc1ab692461df57e70a560f,drama
9856,0xec8b6b6ee8dc5c6631747bdc6b1400aff08829fd,0xluo.eth
9891,0x268070d5eed5b24e34a5f4c17b5482178b18089d,lukman
9901,0x7882cac398fffe6e76b9c2a576f875b39e0278b1,komarick
9933,0x38b2bac6431604dffec17a1e6adc649a9ea0efba,m00npapi.eth
9967,0xe8560fa7b864d69a4d5a81e58116088773ff8767,nimanourani
10020,0x1e6a29e9c42839e982a68dd6e42d465ba99323ff,cavkie
10093,0x5610bc64c143f0f104f7e65d9105863e5addd50d,bigjaymes
10174,0xe36070cb88351b94605f8ae78ccf92627c94814e,cryptowenmoon.eth
10178,0xfd37f4625ca5816157d55a5b3f7dd8dd5f8a0c2f,owl
10185,0x216f91ce3c1cb358e583441d6179c6c19c834a2e,geoveza
10218,0x512ff58a791b69f5935990369338683932b469d1,scorz.eth
10241,0x4bc26d48c9b8f6500dbd7386f6c5d2f6a33fa041,0x000
10259,0xd6507fc98605eab8775f851c25a5e09dc12ab7a7,alexgrover.eth
10264,0x7cd8431c6cf37b392944b47f0bff0eb2abb6df82,khl
10335,0x4541d24144b50b99aef7fc5158782b4a6411a00e,aryan
10384,0x19e4c637ba83fcf3ecb2a97f4332008f1e443f0e,96
10405,0x6a3e11eb1a49db4503a2546f9046c6f62d51c513,sixty
10472,0xfc46a7673e85f591337e50c260e184d8fd316a82,meow
10671,0x4b6f43834f4b6b2407fa8d2f88e6e5ca0e3b48df,0x321.eth
10799,0xf760e6b91f0d4430533acf0232f904ef3074ac2c,leaolmos.eth
10853,0x91d4846054c1ef8606125a992382414a28664169,artdao
10857,0x84e1056ed1b76fb03b43e924ef98833dba394b2b,nicnode
10875,0x877bcf27e3a0a517aa5522e574a79dff36727b37,abyssos
10879,0xf67a477326c3ccad710524aff0ece3fd0ba213dc,bayc
10902,0x76d14109dbf6866422756b6dae242224f560b0f3,hk
10906,0x5eeefc7d872c03296639bcc49d11c99403d2f4a8,kienfam
10976,0x714b831eb02fe854283219b2b9f1c6951f46dcb9,pedrovilela.eth
10990,0x0ec47b8e26fd39dfdb6ab68303e40aec3726a8de,twb
10996,0x65cef0400d3acaa112887dd55f52a9125e9686c2,mocareward.eth
11050,0x400420095c6f26272b24b95e4bdd9d6bd51f4ea9,meemmo
11097,0x12bea9604f0ee6331dd86dff2e6569dff79e0f92,jaxonbattery
11124,0x000cbf0bec88214aab15bc1fa40d3c30b3ca97a9,ds8
11158,0x74d90361520f3749a9351e2c3b8159faca8bd21f,ring0
11161,0xe0235804378c31948e81441f656d826ee5998bc6,alexcomeau
11202,0x277e5e0f6908ede4a28ca0db822316bf930fda70,af
11205,0xa42fc5acff39ee880218724038e18c984fa78253,branksypop
11215,0x5addea6020bca2edd41ec47297bf95922ffddaf0,johnbayode
11287,0xdd5d6fa8b5eb8828cbadd7946a77feac2a8379b8,cryptoversal
11299,0xb29050965a5ac70ab487aa47546cdcbc97dae45d,tempetechie.eth
11498,0x7e4cab656162c16a2326c7b008c9cee2f978af5c,27
11510,0xe7e7b0f53f15d3452e6ef8698b52e967af110762,xenbh.eth
11548,0xd095e0f8c72e22319846b643c4bac0cac1f67006,mcoso.eth
11562,0x94513ee8c23bec9890a4f845bedbde81fded963e,up-only
11632,0x1b7e467dc12e2c195d9d1f1fe02d40b58eddca8e,dainu
11747,0x6a2cbc772ef44a80647e1ccb9aabb2e0ad837238,lluis
11779,0x2ede7660f310c62b318546a479edf496df2e5d19,rfabrega
11782,0xe47ed204b63adfb80c90082c088fc2a430f9a558,jalleo
11861,0xef6c27408d8a9884485f1a66dd27db2d99e270cb,zeroxio97
11866,0xd958bbefb7513b083a74962e49f759745f36b008,sydneyjason
11999,0x3f58c070239d35b10d9eae6d006e722383c87192,dogecoin
12129,0xafb46441aec7a2c9625c5c89edcb863671e310c8,mrjudge
12151,0x88a8ad527d54fffe638735d33c8a65bd82e1c466,lime
12241,0xe77f003c189e5cc6c0f5f7fc03ee8dd16a1a69ce,jn
12254,0x0d548b394f2d7be11f511606339a1e80a70a35a1,megumii.eth
12254,0x571f7567b4b6440af78b043e657c9d5013be250d,megumii.eth
12318,0x650f6e0e9dd0f8070d58176c7ae34a84f433ff32,29
12335,0x380604e85e772f51014636aa72b107f163609dde,chi
12351,0xd4a9cfa1d7cca50f29a46bd0f6f5646f5548a793,rahhb
12480,0x4d85e4f760fb58e380f02657ae5aafb8bd010601,thumbsup.eth
12493,0x66bdc08a0db3a83d374670a57aa8ecd5b51b55e5,cadillion
12569,0xf05abab203216009f6e41920845ed940c947acc1,hanjiang
12623,0x0000ce08fa224696a819877070bf378e8b131acf,aaronjmars.eth
12747,0x310887591bb3a7f4ace07ed837484d5dcead9bbb,liftlines
12750,0x67e92b2a74db035a04046784f4be3b419cc249bc,cryptsam
12847,0xe26067c76fdbe877f48b0a8400cf5db8b47af0fe,hot
12912,0x3ed708ca9845cf72dbdcaefd977272695396c71e,ir
12915,0xd43cf02bea3b50a188a2cd7b2a8435a493e7440f,0xjudd.eth
12987,0x9b559d0808690df5541cf30afd357c0c5c420a92,pe
12990,0x380336041fed6d3de0c0a1f5079668760cd64779,juli
13000,0xc7023adb75e661578145ccf99bf61360464805f4,zida
13073,0xf8e7ab47ce62002360c8564cce05e03f1006e1d4,real
13086,0xf5819cc26f0481c9b86294b4c24027518a04bd5b,6969
13089,0xb31faa5c1d581c70f4b6ed095c944936cbd2a357,arjantupan
13094,0x035ebd096afa6b98372494c7f08f3402324117d3,thecap.eth
13100,0x01974549c9b9a30d47c548a16b120b1caa7b586c,blanker
13116,0xf95f8038eb7874cde88a0a9a8270fcc94f5c226e,sourav
13121,0x547a2e8d97dc99be21e509fa93c4fa5dd76b8ed0,lght.eth
13267,0x0634f86d3e8902f69fef5b72c73609b01ea3dad8,daddysgotit.eth
13447,0x8330a84d3c16a55302f921c36979b1067418053a,arra
13505,0xf8d4deda6726134d5f1b506dc7bd6c407cff64df,j-valeska
13572,0xf73c935815908ad9a056fc50269f95d8ba032e9d,veltoss
13577,0xbbac898df94069793f075405f2958733ca45a1d9,phimarhal
13579,0x24e045efaaaa10f72fa6104792ba8b5c2a9209ff,dimamachine
13587,0x96289e0c5e166343915352377e13e94f46815ae1,proxycodone.eth
13603,0xe31a3e7c014b180e0eaa4bc083cd8ab6a5a9623e,krimz51
13643,0xf04f37c09f208be4e2f073a8c21c79210a3c4042,ayano
13659,0xaec8c478446bddc2d022a03c90ca394269342ce2,entropybender
13688,0xd3dc44c158520a06f1ae9ff48cccfb7a65becd5e,0xhcx.eth
13722,0x82ab5c63a074f4e0b3777610ed32d99e24466832,spashiik.eth
13746,0xa9811f9f6b8bca7f9f91f850a98310e63fbb7326,shojaie
13750,0x8f96bbb30f175e5702f000be444b026bf599ae0a,dece
13755,0x411d209e4874e00dd550de43190224515b28fafe,vinex
13756,0xb2ffa393f0b4072081eb2738eb8340bf877bae38,amircrypto82
13784,0x015706079e0c488e8014d775dda4489327e9eb4a,email
13826,0x03cddb901b84f7e4d49350fedf0b764ab6fcfe73,orbub
13870,0xdcf37d8aa17142f053aaa7dc56025ab00d897a19,0xsatori
13893,0x641844cad17bd8e707475a884dbf9405e0f27336,javabu.eth
13903,0xf82b3a0cd76ef3dcfaf772c27b2a39f1e1915494,maximilianuos.eth
13991,0x0704bd396d425f2e794e9b921bff16c020e4a95f,c-coop
13999,0x9a659894e5d115846767db0e1685744c452e7a6e,shukudaidayo.eth
14120,0xcf628ca128f2c849cc73c0d9f755f58331c39c03,maxi
14173,0x70ca07279dd9d26b5768ef92b55e652fc9e9e7a7,bithereum
14176,0x503a5161d1c5d9d82bf35a4c80da0c3ad72d9244,sayo
14194,0x006b8d161915006d02e27af11351f3e992badf00,wav
14194,0xf61c0aea9a871f04875e39735fb3587908afa34c,wav
14198,0x6687c671980e65ebd722b9146fc61e2471558dd6,0xjean
14214,0x9b9977d825bdb0db5e1e31e897d3839a6aeaa5a6,hepanlol
14242,0x36e73857110ba083ba7e8b3b854e6e5348d66b88,usdt
14245,0xb8481f328ae0547089585510902ae585c79f7d24,majyy.eth
14304,0xab79a38cedc2b6fca59f1e1b1f64480cd9e7cbd6,ru
14314,0xda4c79ccfdcbfa9128b1e328f77e5f9c6ad72a44,jahanfar
14326,0xe610c6de59e10fe84d017b3141f8c0f23a325d30,limakilo
14341,0xd22c1e726f0381f3e1d469f6693a71e37faf7792,tehredhawk
14363,0x15c428d154d71558cf18446058428f9788aecbd2,zksinc.eth
14364,0xa58b4a80de82b889ff40e487c58208a429c77f88,purp
14373,0xbfdd3790abb0768fae791cf1c551f15aa7bb498f,olorpipz
14389,0x6765f946700549f784103d65001401b70ecfa588,tehangek
14391,0xb6d197b72756395a4a8f8d48a54750d5b8ea51ee,letjoellive
14405,0x407df19995bba21e71ec6e6b72feba70318031be,mr
14437,0x4c8ad181a8b891de450a50e31a003d0e530a6359,9rebel2
14449,0x470d235ca1caff614abee02d98ac3aa89a6758bd,straightg00ds.eth
14499,0xd671422bddc48942f8c1f8f5c8662efb6ab0aff4,olaph
14501,0xd580a34f5d6c8f61c853452331a5cf7d8b27ecfa,un0
14504,0x9d86ce4ea939ba71bb97383b85afd12d3b3bbcaf,halil
14505,0xe9fad7b0ff613b5e5114b44168951a7f5ba3fca7,pfajarputra
14508,0x4cd5ea1bcf0a13125e96855b35a779d079caaf20,pocong
14513,0x6f1c9c0593855382a820d5d8290938186432a2b9,oxdriezhen
14528,0x694200f3298d80e966d7230b1cebe4fd264491a3,earn
14546,0x1ac262d831815b1296803f01221271cd5b1c3bbd,mozhtab
14547,0x47087589b860c15e79ad63606d350ed6195abd44,kiy
14551,0x6cbd16a902994d8062bbdc53dfac2928717581cf,zai
14565,0x0089e617a33914e170295fcb5b7a33bfe3dea922,starkware
14577,0x0000005d3584925bfe774d112b623469533d1655,oiroot
14588,0x00f648aa72bb954d91d594c5192604e09c62166a,ios
14603,0x459d73b6c8c6c635e6d7c1c8c28da8adab255e5e,sahmee
14611,0x87b2711074cb1d3ce1f1cb7a46db2f4e9a84ee6f,noddytheboy
14616,0xb7397f064686405abfe472fd48e6ff51d9e5e105,kevinmechalister
14627,0x11111282dc0e6f4050df6ca87a3ef7a5c0a141c4,junxyou
14628,0x1f19bc4735e333397a01ed2864788cc4d9dc371f,solehudin.eth
14641,0xb9daf85de0f7590dadb963b8a1321b2db0377a71,heracles
14642,0x08f7fd04e76dac7e4d9e343e0b5510379f5bba48,frenchy.eth
14644,0x26a836e733377a91b89b3a2fbad24d2d2d179858,haseo
14650,0xefc672606a8b8b9f69a406b2e8d1ee44ec567da6,braavos
14653,0x4b339b45f3e499c949c2e9c0865710415fb9b541,xsirys.eth
14665,0xd4ed9ecc531e2e2e6857bb6b4736c15425173808,sats
14671,0x49a1d052b0b3a5324ddfb4f4d374313edeea0d37,0xwhale
14677,0x140882b6e1c999789a64de182df142b72bc9415b,capital
14684,0x0ece0314a21be9ab6227c393e1ccec0317e9ffda,vahala
14700,0x89b7e599630f11fef1a03d5b99500e0c42c617ca,brsn
14702,0x9208437412efb6a44eec4e84ae0c2802adc5c52b,ris
14704,0x9d18104fc20cf72844cc32b9b269668cbc1260cb,vlone
14707,0xe93977db089084e6cbca0edeff1b2ca0c53db344,assesddef
14740,0x59eae5ee9f92685a595ecf92e4c0587305be1529,astastagea
14744,0x1d82b9cf319803f7f7433ae79fd7ebeae1e0018e,0xedm
14745,0xeca60e88c1349adf5d13b1a52963c8d48a3f8d7b,aw
14754,0x8eabd6ca87f55ad7fefd9d3cc4ed038f26b878e8,helloelea
14755,0xb8abd62fa680c48fe4905a062ca4a9257990f5ac,aryaa
14763,0x0ca7be1325f1a76f71e96fd9c546880021726fc9,juybaka
14764,0xa70e28f8cbf6a213da5e66b95a6173ab2e8d4eb7,yuzuric
14766,0x4d217dc1cda85f4c044a0314cf1beb0b0cbc3189,javvanboy
14773,0xb9040fb42bfbbf0744a6ea244091454ae7c5a0c5,namaste
14786,0xc3e04f01f4c7dc19c461d54c470020960ddf9929,gard
14796,0x441f4ff29af0f0d35dfa81868e9c303857ac75b0,pattypoo
14801,0xc53df116ddd5e26afeeea10a77aa071b66892f16,zx
14813,0xbad7bc69e0b727bd771da4b111f5d065f57b36e6,adprm
14815,0xa3268edfd84415472d9c30ecdeba487f865ee063,overcute.eth
14817,0x4fe4255767308925992cc01de8d57c86464b6d41,mugiwara
14838,0x6326293421073a941a0ed8080de174b4cd249e24,valentine
14846,0x0f0b1cfb5311cf702f478b6e27a9aa0ff2417536,bakul
14859,0x94643cacf35d6f478ba36e7c38bffe9eb6e531fc,vp
14866,0x0a7b367ee82e8a77fb2273f37848d4b8ad77bb57,banks
14867,0x6f32aa5a6198329c16e438512f992a0548c856f9,momyzlya
14907,0x23c300db4109b70866028309c8aeec209b0a231d,dream
14937,0xa3e51498579db0f7bb1ec9e3093b2f44158e25a5,sgt-sl8termelon
14993,0x022fe87e83f3d6662862ed51ef74de33ed16ff25,aydasayer
15017,0xec44aa9632190b9e8f68e66e043e2a7a5697e9a7,aan
15020,0x54b19c672cb995c33e76e9b0da59d64e3eb3eff0,rudex
15031,0x6612356c25ca809c01742a37af55dfabc2d2a7c6,hodlstory
15077,0x05783022615f76de7e887aed81307ae39206aa95,dontbemad
15081,0x4ebc157aa29078434ed7b6aae9cafaad659cdc39,gungzzcode
15082,0x697fd4993d38cda66d8cd78b26cdca35fe8fb767,burberry
15083,0xca36fccc21ffa8e96b4660516b939ccd3efeab59,ballebull
15087,0x173fec60ba710ff089f18d809319a5dbd1d62512,the
15089,0xb3543039c2fe0edc43362bd5e99173ba3a2db178,bheghe
15090,0x10a669eaf229c464f12ee0a26af18dbab442677c,0xchmt
15091,0x046dd38d07edbd9ede737b6902618611fc38e1e2,cryptodady
15097,0x1e8a3348edd6dc3e7307e19b534ea3b07307b6ad,0xbtc
15100,0xf760dcf57ed9c49a4e0749ad54029bdc9b33fb97,sicxa
15104,0x5b8eba0b8fafa9d92ec667d7440d5ac3e9d574ce,anipl1
15135,0x371cba990d7dff4a471517069a941aef48dc31f0,antman
15138,0x85f6aaf29eddfebb30e6bc8fd5c4bea94099249d,kratos
15143,0x1ba4e7a67a73cf591730295cad67a0c4c184e71e,mina
15159,0x68730bf79faeb75d0ab00326d997376693a6b589,nbn
15198,0xc39479b190adb03d8092d6a1041837ad0cf1f973,viktordoji
15247,0x04c3eb345991aba78ae51a23116ef23337ec5bac,eminem
15255,0x8e2fd8df3fa9454e390887a86919bb7b86cc1141,ayomide.eth
15274,0x2446f1a75162f045d02f23d1d3b0f5a2c0f9a4cb,digitalalchemy
15298,0xcafd5bc213f3cc57322ddefab2860c1f7be4f562,illuminati
15331,0x92d9f64b68e6694b0a634998f8de4290c3fc2d36,bobbyboy
15340,0x7cbdc7b5601a77712ecefa548971b889e1707cf4,faniidwi
15373,0x73311fe3c85d095df3ee7add06fe059ec73aee29,momoka
15379,0x36b624180e8b8b10a120d9f543b134d7b312e371,85
15381,0xae0215e4e2b47c3fecec32ec6e7d7b3263b2a04c,109
15385,0x31d173ea66fa8fba38b3ddb798c1c1098f3ae8c5,gekon
15450,0xac937655e7b69934eaf0ef56a7f38ece1d74b451,text
15454,0x1a3583fa9a7355a32168d0b474d265d0c0c080c5,chingon
15458,0x232832f88e98e4680a12c03d12ef1fda22ed7122,jusst
15466,0x626bdb052909752bc5dec9216fed82c4ff88abda,aungthaung
15496,0xca7f512a0f99f4836102baf02a628db9c97807a1,0xzarr
15502,0xd4aca0588e9996cef174b4058983fb1b02066372,lucky
15562,0x277c74f45724945b2066f305fcb5a609312390e2,chops
15562,0x92945e8bc0c302aa4ccb6d10ec130ddbef437f69,chops
15590,0xe48fb34056979c9e52adf7a22faaf80d58a46495,akorede
15656,0x7c846e2487a8b6ab7a4ceec6a2073c5ce388e2ff,deadserious.eth
15665,0x6bd550352dea241fd6a3e44783797deff3380c6e,mahsa
15685,0x967c26f060c991fc630b014901fd1efb33b2c82a,kingyam.eth
15713,0x42e84f0bce28696cf1d254f93dfdeaeeb6f0d67d,cooki
15715,0xf0498139b9bdce3028125ddf9b7e635a3f5cb7b2,pael
15812,0x56c5b452acbf48e1f2e25a190f21b76e33a4f321,cult
15813,0xef9638169f5987059c2f8e195a34ba82bf482122,murfenstein
15878,0x96cfc3a208878e2f920e53b87859319d94833529,chika
15881,0xa260cf1726a6a5e0b7079f708823fc8e884611cb,mraz125.eth
15931,0xcee10cc0c025d962b31679e58f36aa1de2b6c752,aezakmi
15966,0x1df2535cf0956abec21c4738534885d3849d6578,tejjinxy
15983,0xf1e7dbedd9e06447e2f99b1310c09287b734addc,jacek
15996,0x947740b693b4fe9edc120dba3986be520987bfd7,great
16035,0xd2f7308453452e35b7498bd753901e3aaabc73d6,kor
16043,0xf9d4f6b83f0d227266c88d987d02031e4bfc4758,eloise
16068,0x363d3d06d70761c34d6efeb25e409a9549e6970d,madeng
16069,0xdf341692a604cd0768a38bd113231333114a9712,mezzo
16084,0xfe229129eb90d1128adab663860aec7e4a5768ff,all
16098,0xed21735dc192dc4eeafd71b4dc023bc53fe4df15,jpfraneto
16169,0xa25532b1287dee6501ffa13ff457ffcc9a6ca6b0,bufan
16180,0xbb60adafb45ebbf4ce60799950a39f3dfb3ad2dc,olenka
16187,0xa2790537b3506b9508feaf8029f3c1f964f3b9b9,okay
16250,0x3a497a2a8b35b934bf271938502ca24e444e689e,pfizergang
16255,0x4ac8923ab14ca8082222e3c12e11aa9b3a9dfa74,marzbal
16258,0x165e4e022bc79afd1cf5464b85016d41cba53201,sonkayah
16279,0xf42c2b956bcab51abb6555f5a06ee582e4581c71,yoru
16303,0xcb565ee70934c5887f9459fb0dcec6add7f43cf2,boogaav.eth
16311,0x1084b55cb63de549806a521036f7dad2d37e3fae,pipe
16467,0xa0b08b718a332a1b7b2c9a6482ca5dfd87b7ee34,dustmrtn.eth
16477,0x3b847fa2026430288bad7ce0cdffaa7c44fc9804,rbb
16525,0xdb1f7bbd4f81dabdf80a85d73ac721d62309b510,oxpejman.eth
16663,0x32e146e660e74f2a06e40f7b65cebdec0856b2f5,riot
16716,0xa575390985b9117c032618b5f93047e22b90f6a6,upbit
16732,0xeb55b71ac2a3ba340e44796ac5adcde8b643267c,animation
16735,0xfa6aa55f25c0cb728273d3ea4c261824821eb7aa,new
16739,0x28cbb460d652b607ac25c234d468fdb568312b2a,joke
16795,0x5487fbb38af908185f01e43b8b0703ace2317314,alphacaster.eth
16857,0x62cc4edfe738701297f06ce979de18229b69b49a,eliteuzer.eth
16884,0x45cc2088e22fa1196d1fbfdbe3e539c76dc0bf22,jaack.eth
16929,0x8177f4e8615ca77379f5d8b6d863daca471e4437,asd
16936,0x73a7437c5a2a32bb18c37899bc5940032554fbdb,mohshad.eth
16941,0x21eaf5f0e90d06a1700a8952860d2b170381ecce,moneyprinter
16958,0xa5ec502a322dd8ed24f154c3a830475ca2d71e48,reside
16963,0x121dd42384db6ad04851f7ac1e81bcd8bbb1876e,velajuel.eth
16969,0xf9e67e79d364c6b0f65b789deab8130bd708c9f9,johnson
16975,0x6ee31f6954bec68f5d0b72b9532b63d315c52014,pleb
17001,0x0eeca95c58919b1b96bb1cde61a99f9d7571def6,diakoe
17053,0x88bae70a68d2cc64485b8c5c249104793ba96ce6,use
17064,0xfbdf556eded78c467f58be91d6d56f6eafb16dc1,standpoint.eth
17073,0x29930c405817b40d802d4a806302aac60e99ced6,masterbates
17106,0x058f4718624fcc5006d89ecc8c76e5baf5320590,consecution.eth
17150,0xd0d0c983ddd2fc008bdfd9a88e99d067d671a3e6,memecoin
17205,0xe34cfd75dce32b185d9a1ab5887377b71f7cac98,warp
17211,0xe3527334a0139b6c3c65aeb726654fd592900d75,soony
17265,0x557441dc91a0563b8ef8dbdc8a626d2bc765f373,nickmorgan
17283,0x84a43fe766b0250e19eae4ff5522946a3fae5601,babzilli
17311,0x1df47175f33eaece6406a87258622cacf0c0897a,ethmaxi
17354,0x2499bdf18e33eb830bcf0d1c1e47b7e0cca07071,ariansh.eth
17406,0x82073f802547feeec0fd49719a3d7697fb66076a,suds88.eth
17408,0xdf49cf75a28472bb033f97753e5f3d36825da967,satanism.eth
17423,0x0a251df99a88a20a93876205fb7f5faf2e85a481,endman
17479,0x931e76877118c84f1d904295971ce383ecfed5f4,789
17481,0x30bdacef9775848671bdbfb4d52825f67c707267,alipay
17519,0x596540ca66b5b2bbbf9fa35d67fbf336754eb780,amlrhma28
17530,0x05c4fa03bc7630fb3b55633afd31b3036c443fce,zksync7
17531,0x58965bb338ee1608f549ff10033bf891a2cae3e7,avocadojuice
17541,0x55c52b36d6b96ee8965c5350adace203c26b0ebb,pitungsama
17543,0x42915871cba9a9132a20d3376f4a8c23ef90b3bd,kyaw
17544,0x57d1ad3893e1f2f21fb7652d36e7cc082be1548f,zaw
17545,0x390a585b9a888b664a82b38bb7799b4e83df2ceb,golden
17558,0x2a6336cef40dc83dd8b16bd9a2633b9d2049edf6,elmy12
17568,0xf61467b750f98b40884e23dc051bb297dbc772b5,aley
17596,0xed34c69268ba0ded148680e69f8542e167e100c8,polite-anomaly
17652,0x76f980cfe17d4ff3e3f9ddce2129c17e55a1091d,pratiksharma.eth
17667,0xf8a09bf413576a2e8b406dae09732aae29a1c8d4,metil
17762,0x7aba8024f8f5e74f139fd6e7a783b605e36c3b48,funday
17798,0x618715e04a5f3ce5dcfbcbcad78b0973521d5f1f,mirrornft.eth
17812,0x41da2397b493fd5fcf8eb9f81c1ba838d9da6563,xhanny
17815,0xddbf6cb3adec614eeeac5e1ce78fb6490ef3b6a1,singkal
17918,0x69ca27d89bab00e1891a9de6f067bbd5e9db2222,diven
17919,0x9046efecd0b1395287f3947d27512578cb564f98,dheerajsadani
17923,0xfc0a0fece38b4e54b9a7ac977d2bbc388b055ffb,rvjangir
17929,0xdaa871a678a17e06b6322da0398bd65d17829ced,sssingh
17932,0x54fbd865ee8acc95726040a813373e7cbe6870cd,praveen9894
17935,0xae7f45e9cac43aa06254fcce2f6077190834c37f,baadal
17937,0xd47f59ed8d4e889363a79a56fedf64223609e29f,rka
17940,0xac1c4bed1c7c71fd3afde11e2bd4f18d969c843d,metaend.eth
17946,0x5199213b1d883dc7cfd53354b29acbf35022c97f,auto
17954,0x3d81fa04b30c7ac4571274e17891fbb9be8a5bf3,andro
17975,0x1d14d9e297dfbce003f5a8ebcf8cba7faee70b91,bigvibessss
17980,0x479512724389c8286a6fe6a32ce46665e95607f6,xen
17987,0xca5f0588ff6c8b858e74eb1fd7c9a0f3ddbe43cb,pranjalkatiyar
17992,0xbd8b8bc4bb1a364ff0768f20aec9b4c8150bfcae,hetpandya18
17996,0x7bc9f604f0d63bb655d059736024774499c5b62c,lalitmehra99
18048,0x3e6b87ff2168d15794a865d09a6716415e7dbecf,klepikovadaria
18159,0xb2b9300475af157676c44ee64d39a5eb3c294dbd,bunbun1211.eth
18183,0x413575afba89bf142a56179e7d2c08606e375322,windump
18286,0x369c1f1be366e2b4f1df3a570c8b32bc0dbad33a,likee
18301,0xf4b29b249a02d24a9ecd4405f78d4c35de5bf596,ssr20.eth
18309,0x4960dc71997d857002b302bd8338db50348a6f83,asta
18310,0xfeb87506f16fd58557a60737a7b708dbee90dbe9,snehuexist
18311,0x53d59dcd56a39c674f322d5d39ed17018184368e,ewcl
18369,0xcabe54d8bf9b9640174a4362ccfbb15f31204e75,lekeboy
18379,0xbfc59f03368822bf381c1995df910a24300a23ab,bored-duck.eth
18408,0x794c94f1b5e455c1dba27bb28c6085db0fe544f9,midaswhale
18425,0xa5478677f3d8e885481354746efc48cd14051b6c,goten
18520,0x1f16a131169e602fe0271daf538d721442f5180a,kzdn
18570,0x198109b0d2c786a230d18b622d3b7a1946131e09,qt
18586,0x74fa01a5d0ef8039f1e14f4d4c8f90e8602e07b4,links
18601,0xc40128e8b1c9c8f3707191ba8a49fc844f565388,elites
18602,0xbad9f0ca9faabd16b0162c8f8fd3fb639394be68,wolfie
18606,0xf8d897699c2b2f9d7140f419e8ce03124488a0e8,dedealif
18624,0x0161e824b714807901017c401d6d162455a2d502,robinranjanlive
18628,0x12192e2c74285f114852897904b1a5f398c189d3,umar
18629,0x6ca0b7a035889bbd6b52d34d61e2dde0fb2d883f,ndrotech17
18651,0xb158a715d3b32f8cae36ff816e2be4b3085564f8,blue-beetle
18661,0x2531b2ff6a7f08c6ab12c29d1b394788f819deb1,raulonastool
18673,0x2ed284077cc25a3f400daea79714ac4a5ac474ac,degen133.eth
18685,0xfb4eecef04f1d45ead80a7a471d60b38b14eaa9a,ddrtst
18723,0xdbee1cfa10d706ef868dd2dff97246cb6d73b530,brixbounty
18732,0xa0edfc6adb23f6abba4f1813db3f3be22e94bf5e,mrt0ad
18737,0x45d862d81d9b157bd666cd76894dec84957a6ce9,0xjstin.eth
18751,0xf2cf408df63125a63e1ba2cdd3c39370e7652ba9,0xteresa.eth
18763,0x1d2e44dede73dcf080104ec0839a70da14641762,runn3rr
18816,0xf86bd4227978f9a1f4248a75d90f362e13ce7a0a,gmaer
18822,0x8618ca2d031cdb97593bbb71efa736cee32fd07b,maxalbert
18823,0x021b47851c123c955abc6dd73be88f0bcafda5a7,ariemax
18834,0xc7bba7980679cbc4e01f7eeec811cd619b53c966,dymension.eth
18846,0x7b8821555e2763726e4f16a3c21d68b4683f1cdf,justfrau
18847,0xdc869cbd2d6f3039ab2c89b921b0a90dc783dcb3,semka
18858,0x457c2dd07c14fbefa61042891f205dbe9f17bb2f,sugarhiccup.eth
18878,0x98dc06b6809984a490e3c8a8a3e262ae6ed16be9,olaya
18894,0x5433fd150cbab820a3937255c9e68e290b8182ef,adamscottjames.eth
18908,0x69220592ac4b00784d3c0af497e261b4cd722aaf,mpryor.eth
18910,0x8a958db686c100436610b7042d2c8eed343fac48,viybz
18926,0x65c9f5f0d3cf11c1b88dc3e23a0f21005dcf1770,tweet
18959,0x22fbab2c330bc6d92173e283463a1ab14add6a39,latenight
18963,0x1e4dd9206d5be9820e88a64bb75323542355321e,mawarchan
18964,0x0958fdbcfb423e7a3f947ab06b7f08790a7d2108,yami
18965,0xb3a87ec9cb2d4a03778976ba21b91db297247ad0,syariffstark
18968,0x3f6a3f6c567e54a2384bd8a986751d49453b7c65,popy
18969,0x0644f0c0c7ce949251d47c87f7bbfc54648b9831,opstack
18971,0xcbd1cb6377f079fe79d7aa4e6f5f0859735bf281,vagina
18973,0xa58cc23a546b6ce08ee258cfb54d92d4cc151ba4,rise
18974,0xfc72ad77ec89ab3604e7dcdbb2eb461a95805ed7,supersky
18975,0x4a3e6e66f8c32bc05a50879f872b1177a1573cdf,taliskye
18978,0x5031ee011e7b6e03800699c1f557a85f2190baeb,supremacy
19016,0x1a488a9c4282a05e6d7594e598fb879aa8013690,ranran
19031,0x142c408af7c814cc84d6f8b17890d09aaed3dd1c,webpower
19032,0x76c2065dee3180d1cca91a965ab137c25cf74ea4,toffix
19057,0xf3b27f3944893db2cf03bfbd88af20d42b5514f7,solomiya
19067,0x712f482cd8e94b71a0aeff984abe2c294dcb2d28,ymy
19098,0x2ae4811204ad2f0efc4662ed846d0a0201d2ec6c,romio.eth
19104,0xe64d2dff4a50a8b6e0a3048645151db13683e9d0,jobs
19105,0x7827b0c8e315a23e407e54bb903ea9ca37039e55,missangel
19112,0x973efe97a5fb054af9b71307bd9fd504b04d18a4,0xdantecrz
19118,0x8f8ec22a2e02dba8d765d2ef537345f0dc5a9a5a,ryadrian95
19122,0xbe67a5e433708860acf2c816d79b92da9f4586f9,siluet
19129,0x0dee77c83cb8b14fa95497825df93202abf6ad83,sinaver.eth
19135,0xa2e7002e0ffc42e4228292d67c13a81fdd191870,fommes
19262,0xe4b2bb0c432aa6bbf35f1026f00431ea23e9567e,shubhamgupta
19327,0xe3185fd2e5010271a0e866be070addc073713734,timmykwesi.eth
19442,0xe30d45c0226e4a09fe00d08d091ac6db00736baf,vvahono
19465,0x4e6cf04255d03a5d093138b8281c53d14a1878f1,x1077.eth
19474,0xdd7b755b8a0e3048920ede28f7be1f0300fdca88,movie
19481,0xe319e942e4b463e831efd8a611d8691759f75a5a,set
19526,0x29cf75f4622dbedbc63354e28f6e734635690f4b,damilolaeth
19627,0x88ed3861d35e33dc8da7789da0b9efcf2299bb1c,lk
19663,0x4e066067ff091ce1783f03d1b8d40781baac184c,dyl
19712,0xa4050d47e3435dc298462d009426c040668f4297,zapata
19796,0x64d366928de21d5a0d514b16ecbd9f2ffdf27ba2,xlmtbr
20071,0x20a516d8d0ccd1885dccdfc9baf5ef5f7508d10d,edricnguyen.eth
20086,0x29744bd7b37bde14f74d281d3badbe68b299be5f,punkrock
20140,0xb91be5c1a0b6e9ca9702265e22eb98f76bc75160,jcoulaud.eth
20192,0xbd7cb24154c1eef373bca160bac868fa7976b169,thanhdeptrai
20215,0x3dbd5e9ac1f511eea60877575a9a3bfb249c924c,tranchithanh
20292,0xe74fcfa5c7e5c39fb3e10a8279f78f557cf49ab7,junkyahd
20362,0x59e7afd1c4246f28bdf2323016098b9be03d032b,allincrypto
20388,0x2373b942a8f89b4ef561b9ea5f3b6879a1b4ffe2,ezbek
20727,0x20ee15f4f2fce1c0c909b728f7b3f26e4173eb9c,rob0x
20763,0xaa1f27662e8b4394587a27d570c0066cb2893244,797
20768,0x1ba34b9c2b97592fcb04eb51d901247e62103d2c,krab
20965,0xf0462fdb41eb037ca184391d674b9c1f11bd14a2,50cal-eth
20989,0x173e281498665a6d159cc1acf921eaea5ae745a0,ramiata.eth
21021,0x34833ab677f5cc40a44a36330fb18fef2ac4f03b,sinusoid
21024,0x99fa48ccea8a38cde6b437450ff9bbddafaa4fc8,terricola.eth
21114,0x463470955c61a54210b5ddcc20847cc325a2ff38,vsck
21199,0x342b9a312994d649485f07351458d9a788c2183b,kaanbb
21302,0x5da68351bd082abda73e42ac981db51d9364fe69,korv
21303,0xb45cae148cd52896d09b88e3fd29efa76c894fba,ch0mx2.eth
21408,0x240e719a179ba9520a00c6d3af22bba10d8a77e9,stevlesh
21469,0xdbde8e347118a9c45c5a7752131623be81d2a4f5,tuyenlv
21473,0xedbf72f88e72133b10cddded385d2b0f7b27f588,zanglee
21515,0xf9d308db93ed2a2e126f3995a86c6183cc958c95,christopherlang
21582,0x11cd7d3c9411dfb5373bd902707efe100322082a,amg
21626,0x589d0122fa891ada92aa126966fb5e02bf50fec3,audi
21695,0x448cd76be24df28adabe7786135f9b14d50e6dab,molchanimal
21941,0xa41cd41474f7b59736da76b7fe12b9b8d9afb94f,hipseynussle.eth
22051,0x82b171ccadf43fc453b428b428693be638d62843,narii.eth
22058,0x2afccecb86504de8023def0cac5a7fbc240830bb,neel.eth
22060,0xe3c23000e32aaff88238d159e14b9dd64fdd2e61,0xssillearn
22304,0x126eefa566abf5ac3efdaef52d79e962cffdb448,hahabtc.eth
22420,0x168d8b4f50bb3aa67d05a6937b643004257118ed,0xd
23023,0x1fe2dc75af920fea983ef6490024aefc06f8b218,galieh
23115,0xabe8886b6f8dc7fffed07c47680fffc45ebd8ed1,solitude
23393,0x5100188ce5e4103a387f4eacfb38280ee996d435,plot-twist
23788,0x5ba79df032756e4ebd62a7b9943f20ebe7c10110,saliba
23900,0xbc960200a76aff47682f45d268557c5fa8c16e4b,nyanpham
24070,0x9d32ccb03147e88f0d84dcd846e5bceadfa9bdd0,tithuhai
24128,0x487c6480c33f32435f99cfa4b1e09c0d4e4165f7,chris24.eth
24130,0x25659eefd7cae21566a257420bbcb0c8317ef94f,rayred.eth
24145,0x2e21074f7b6e332f3fddb17af1f50aecf5e584f6,spybason
24176,0x3f9a5a0267ce4ff6d84c08fd5150acb593e4523c,5phutcrypto
81621,0x41a2504348072d4d706b15770b9a3fd0dd6f570a,gink
187742,0x6403e7fe6a931fe35870f55be4d1e1ded12e25a1,jackpower.eth
187767,0xc71b2c6b22b64c281555de040b6079e6322913d3,tesnguyen.eth
188063,0x64154ce860a91ab6b58c7ba50a62570666f7dda1,noxxxwill
188661,0xf8378bfb1e38d1d8b9799342aaef9016fc52137a,dropxtor.eth
188849,0x14587a0bfd7da92c723a58221220b68f7d6295cd,ngophong
188885,0xac727618edf68ba12e3d26078a94842e9a69f1de,sonavo
189052,0x7320cc8b0a97c385fcd44d3fbf604d9d01f46de9,kpx
189113,0xf378bc06e8a1cc7c26bb27e6f81b84802198f4ac,nghia
189220,0x8c66ac5284fec2676a2c79acc2c27e2a3df143d7,tehseen
189285,0xc6ce3d45a8e4ff9442cad10f7af8e6ccc7788f35,bene
189312,0x6837047f46da1d5d9a79846b25810b92adf456f6,1a35e1
189338,0x45da50b5e5552ffd010e309d296c88e393d227ab,chaoticmonk
189550,0x2102202e25c69f14e0e1a2915cfd5b74db30594a,powpow
189574,0x59c249c7da6a815ded545fc6c199794bfdeb2fd3,kadar
189694,0x5be7e87b70cf261756e1a11d4def7a03131f7810,ksa
189709,0x26891082077df90eb941ce7fc47f07cef266367f,genzi.eth
189762,0x25e58696fbc8eb88301ee06a57f77d9f0715ec97,kenobi
189851,0xc65aa07a7134b08a558cbc29aba93cebdfb02a33,charis
189905,0xfaa38054dca989a74fc8894f0a11a3223b613e96,wallstreetguy.eth
189972,0x354908c727bfbe01442489eebcd01747256c9fd5,klip
190220,0xd1771dbd4df7752a3047c62b2fb32541d549d3ff,vicutr
190365,0xc830fe4df0775d1c6ce5541693cbf4210ceac2fb,lahyu1410
190857,0x85e307796738e4814ce485aed80a2b2011bfe068,rainny
190934,0x6762e837e583d3b80fd59080d151b59ef3dffe09,linhgin
190934,0xecb53218f183cceaae9221b63ead5004abf72525,linhgin
190954,0x2f1be7e9d6f5ae564f82b7cdd79a3a51222e86ba,thao0406
190967,0x79607211ca0411440b7b727ccf67f74a74de47e5,arsyanendragalih
190968,0xe06ce2ca5418f0763e9091f5bb348707a1b65bde,ciefa.eth
191223,0xcf880fa0457569d87137674a802951558a16657a,tuansofar
191327,0x57d97990b4dec94d804e8b03e59cdbf3689253af,joyboy
191432,0x20d677dda669efd7aebf5140b3556590fb811f8c,fufu
191448,0xa858ea02845071dbe09b4b5c3bbea49529beaadb,buubuu
191554,0x0ee25bd99736d898130edb98d343312f6688a50a,ivc
191571,0x95982e9866dc285ce90f2c1e6e7af9b961649f5d,fico1985
191654,0x2dc5c356b58b4cbb03c8aa0a89eff7cd5adc93c3,light19
191775,0x720d3a3aa7c6bec98be27a64b9f4f42eb79badc4,ismene
191780,0xdb3ec7b16fd60fb4fdb58a438bd8af57d8d3a91c,agrimony
191789,0xdbd668ecfe12a20f4b311bc45cc8d4cce3b2dbe3,wastie
191832,0x98b2e9bb3fea78b6f2bbb2e289dd11012be79c54,hinhuk
191881,0xd9701bf62e33dc2aa68b3a30c87401b62589ea53,tit
191885,0x9eef625128062ad16ab0359d19c6a02c8abff8fc,phongphan86
191892,0x5183e0203858aa3e3bc3a7d9cb41875a4c0a6216,2pac
192260,0xe583ebf480fb122af2515589277a45d38b4e81a4,metopia
192378,0x74df2ee1ed4791122032ab6cd42ff56fa70fcab8,dophdo
192467,0xb6efa2ea408c563a8bdaf9ffdc5115ff5eb0e3e6,defihuyz
192517,0x17a8eaf9241a220e1ebda22a623cb058530cb0ab,hoaivien
192539,0x90f64e01ffae16490aefe03c8ed7dab6c66198c3,yougogirl.eth
192702,0xe2bf8ddf95ca3687d4beb24c1b5d760a93e64941,brownalytics.eth
192704,0x30c98ab8fb66212634bf284f3c13b1e1fe61b3ce,tiendat715
192712,0x15b7d2c57190d9ff71244a38df129616323f3f25,nhi
193158,0x88d9b709ddd27dd1dd1c761352e52a1c96bc78e7,brykayne
193263,0x36cc81b760284236aa4e36561c0beeddbcb8cc91,couralex
193438,0x30b8eab7d560840a78bcb22e58b1a47b82aecf99,oppenheimer
194092,0xdccf29fa0f10922f6284441193b0192d361101d4,thanhvpga
194141,0x3ab6c3a9c075189689b6b8c59324df9fcd65c4b3,giosss
194201,0x9048db4c4ff3f0cfa3936b9e33cae17a2e66e9a8,zeusfly
194233,0x0bebe2165de412e7925ab8352e36f3b0493dd3b9,oxcryptopanda
194296,0x4632250984cc7d28b75e2af54ce7ed4a36587dd9,9z799.eth
194372,0x4a91f2bf3ade1965f979779d78074ab4f6f93795,roadu
194514,0x6e947ba373a53bd41139d68e8dfb4fb0472767b6,edwinz.eth
195091,0xf7c0d5e897666ce6590a749ff1bd9edaf7eab2a5,greyseymour
195353,0x4c2bad6ded85c73dec25930c4d88d72a93512eff,sinri12
195379,0xee2343f8c3efd59ea73b909809d8fa300b133dec,julianmurphy
195394,0x1709b27fe330411a8e23a2cfa71d64c75c04044b,hinh
195531,0xd09e22250590eb71d758102e2658d947987d3750,jadenug
195718,0x8e3197ddab2fb00bbf18142f7398d2cf5967b2a6,edgartcaller
196028,0x83f27d55e738c0f2a687c2f36cd797db7c32d810,thinhpm
196149,0x281e6843cc18c8d58ee131309f788879f6c18d10,felirami
196156,0xdc4efdac43475f434482e61805e0df96d2dc1df4,kayprasla
196248,0x0c8b7cb28169a5d9914a8e6925eca0de3d0814da,aklee
196290,0x2ab0475881fe1ae4ce17d484507d96e3240e0260,thoughtspace
196293,0x73ee044a4d88b71c5f82b776cde70573e0889715,b0ggs
196380,0xfb53efa900f1b8b3b5822cc9eb9aa64bd63a8629,travisblackburn.eth
196484,0x6a3b4a12739eafb1dad6edba890862121e218efc,psim1
196516,0xf66c3c2c84422047b35a2014d391a95dde4fcedd,datle
196783,0xd14ede4b61195bed37af792dd0e312ab1c9fb2a8,khun
197039,0x52c3fdfb15651d2dbe35d9fab86ea0571e64db9c,azfaroni.eth
197340,0x203456535880c3dc70a69dde3e3afe028a52702a,casedup
197479,0xd5f22be2c8e1cd7ac374c90b548a879308fadfb5,slowwilly
198116,0x216222ec646e764da7995ed3c02848568072cb58,jimbocity
198117,0x38c1e75242d5b3320f05b3277769022879dc3f17,ruj89
198166,0xea8b5f7128ac329f5c38da6f191686dd531459db,wwill
198392,0x6ecc7dfe66c2e6a1133e52a032a0e9c0f6d486e1,tvnam6868
198479,0xabdfd2304d20cfa55d8d9e42594722594554976c,guraa
199193,0x4868599c88f67c53f71822379378713867f5a038,micka
